<?xml version="1.0" encoding="ISO-8859-1"?>
<example><latex-preamble>

\def\matQ{{\rm \rlap{\kern .3em \vrule height 1.3ex width .05em
depth -.20ex}Q}}
\def\matC{{\rm \rlap{\kern .23em \vrule height 1.3ex width .05em
depth -.20ex}C}}
\def\matR{{\rm I\hskip-2.2pt R}}
\def\matN{{\rm I\hskip-2.2pt N}}
\def\matZ{{\rm Z\hskip-3.5pt Z}}
\def\Rel{{\cal R}}
\def \trait (#1) (#2) (#3){\vrule width #1pt height #2pt depth #3pt}
\def \fin{\hfill
        \trait (0.1) (5) (0)
        \trait (5) (0.1) (0)
        \kern-5pt
        \trait (5) (5) (-4.9)
        \trait (0.1) (5) (0)}
\def\Arctg{{\rm Arctg}\,}
\def\deg{{\rm deg}\,}
</latex-preamble><title>Division euclidienne</title><paragraph><displaymath>
\begin{array}{c|c}
\begin{array}{ccccc}
 A : \tab  2X^{3} \tab  -X^{2} \tab  -X \tab  +2 \\
 -BQ_{1} : \tab  -2X^{3} \tab  \tab  2X \tab  \\
 
  R_{1} : \tab  \tab  -X^{2} \tab  +X \tab  +2 \\
  -BQ_{2} : \tab  \tab  X^{2} \tab  \tab  -1\\
   
   R:\tab  \tab  \tab  X \tab  +1 \\
   \end{array}
    \tab  \begin{array}{c}
    X^{2}-1 \\
    
    2X-1\\
     \\ \\ \\  \\
   \end{array}\\
   \end{array}
   </displaymath>
   On obtient donc
   <displaymath>2X^{3}-X^{2}-X+2=(X^{2}-1)(2X-1)+X+1.</displaymath></paragraph></example>
