<?xml version="1.0" encoding="ISO-8859-1"?>
<exercise><latex-preamble>

\def\matQ{{\rm \rlap{\kern .3em \vrule height 1.3ex width .05em
depth -.20ex}Q}}
\def\matC{{\rm \rlap{\kern .23em \vrule height 1.3ex width .05em
depth -.20ex}C}}
\def\matR{{\rm I\hskip-2.2pt R}}
\def\matN{{\rm I\hskip-2.2pt N}}
\def\matZ{{\rm Z\hskip-3.5pt Z}}
\def\Rel{{\cal R}}
\def \trait (#1) (#2) (#3){\vrule width #1pt height #2pt depth #3pt}
\def \fin{\hfill
        \trait (0.1) (5) (0)
        \trait (5) (0.1) (0)
        \kern-5pt
        \trait (5) (5) (-4.9)
        \trait (0.1) (5) (0)}
\def\Arctg{{\rm Arctg}\,}
\def\deg{{\rm deg}\,}
</latex-preamble><title/><question><paragraph> Soit <math>A=BQ+R</math> montrer que si <math>D</math> divise <math>A</math> et <math>B</math>,
alors <math>D</math> divise <math>R</math>.
</paragraph><answer><paragraph>
Si <math>D</math> divise <math>A</math> et <math>B</math> cela signifie qu'il existe deux polyn�mes
<math>S</math> et <math>T</math> tels que
<displaymath>A=DS,\;B=DT</displaymath>
d'o�
<displaymath>DS=DTQ+R</displaymath>
soit
<displaymath>R=D(S-TQ)</displaymath>
ce qui montre bien que <math>D</math> divise <math>R</math>.
</paragraph></answer></question></exercise>
