<?xml version="1.0" encoding="ISO-8859-1"?>
<exercise><latex-preamble>

\def\matQ{{\rm \rlap{\kern .3em \vrule height 1.3ex width .05em
depth -.20ex}Q}}
\def\matC{{\rm \rlap{\kern .23em \vrule height 1.3ex width .05em
depth -.20ex}C}}
\def\matR{{\rm I\hskip-2.2pt R}}
\def\matN{{\rm I\hskip-2.2pt N}}
\def\matZ{{\rm Z\hskip-3.5pt Z}}
\def\Rel{{\cal R}}
\def \trait (#1) (#2) (#3){\vrule width #1pt height #2pt depth #3pt}
\def \fin{\hfill
        \trait (0.1) (5) (0)
        \trait (5) (0.1) (0)
        \kern-5pt
        \trait (5) (5) (-4.9)
        \trait (0.1) (5) (0)}
\def\Arctg{{\rm Arctg}\,}
\def\deg{{\rm deg}\,}
</latex-preamble><title/><question><paragraph> Montrer que <math>X+2</math> est un diviseur de <math>X^{4}-16</math>. Donner les autres
diviseurs de <math>X^{4}-16</math>.
</paragraph><answer><paragraph><displaymath>X^{4}-16=(X^{2}-4)(X^{2}+4)=(X-2)(X+2)(X^{2}+4).</displaymath></paragraph></answer></question></exercise>
